Field/Action,Rank,Tool Name,Why it's Recommended,URL
Researching and synthesizing information,1,Gemini,"It powers features in Maps for trip planning and navigation, automates Gmail tasks, and labels emails, while also performing deep research.",https://tool-website.com
Researching and synthesizing information,2,Littlebird,"It answers questions about work, learns workflows from active apps, and transcribes/summarizes meetings, capturing and querying context from computer screen activity.",https://tool-website.com
Researching and synthesizing information,3,Atlassian Rovo,"It operationalizes shared knowledge, turns meeting notes into project plans, pulls relevant documents, and summarizes project updates by connecting and leveraging company documents, projects, code, and decisions.",https://tool-website.com
Researching and synthesizing information,4,Context.dev,"It pulls structured data from websites quickly and efficiently, scraping web content and extracting brand data.",https://tool-website.com
Researching and synthesizing information,5,Browserbase,"It enables AI agents to browse the internet autonomously and perform deep research, fetching page content from a URL.",https://tool-website.com
Drafting and refining written content,1,Claude,"It assists users with various tasks, from rewriting complaints into technical language to solving complex problems, and excels in copy, planning, and reasoning.",https://tool-website.com
Drafting and refining written content,2,Gemini,"It engages in conversational AI tasks and can be used for general writing and coding tasks, though noted for its 'personality' and distress responses.",https://tool-website.com
Drafting and refining written content,3,ChatGPT,"It generates answers, advice, and conversational responses for users, providing conversational AI and generating text while allowing users to find, reuse, and reference past files across conversations.",https://tool-website.com
Drafting and refining written content,4,Wispr Flow,"It converts spoken voice into clean, sendable text in any application, allowing users to dictate messages, emails, Slack threads, documents, and AI prompts faster and with fewer edits.",https://tool-website.com
Drafting and refining written content,5,Agentforce,"It automates tasks like drafting briefs, creating canvases, providing Salesforce insights, and managing deals within Slack.",https://tool-website.com
"Writing, debugging, and explaining code",1,Claude Code,"It is primarily used as an operating system for software development work, assisting with coding tasks, project management, and automating development tasks, including refactoring messy CSS code and visually verifying consistency.",https://tool-website.com
"Writing, debugging, and explaining code",2,Codex,"It is used to write features, fix bugs, answer questions about codebases, and propose pull requests, assisting with coding and creating reusable AI skills.",https://tool-website.com
"Writing, debugging, and explaining code",3,Cursor,"It assists developers in writing scripts and shipping products, helping engineers build high-quality software faster by providing an AI coder that understands the codebase and can run multiple agents in parallel.",https://tool-website.com
"Writing, debugging, and explaining code",4,Claude Mythos,"It is being tested for significant advances in reasoning, coding, and cybersecurity, with a primary strength in spotting system weaknesses across industries like finance, healthcare, and cybersecurity.",https://tool-website.com
"Writing, debugging, and explaining code",5,Mistral Small 4,"It provides combined reasoning, coding, and vision functionalities in a single AI model, performing diverse AI tasks including coding and image analysis with flexible processing depth.",https://tool-website.com
Summarizing documents and meeting transcripts,1,Littlebird,"It answers questions about work, learns workflows from active apps, and transcribes/summarizes meetings, building a private memory that grows with the user.",https://tool-website.com
Summarizing documents and meeting transcripts,2,Claude Cowork,"Its primary use cases are running commands securely, summarizing user feedback for product development, managing projects, and enabling remote desktop interaction.",https://tool-website.com
Summarizing documents and meeting transcripts,3,Cohere Transcribe,"It provides highly accurate speech-to-text transcription, converting spoken language into text across multiple languages.",https://tool-website.com
Summarizing documents and meeting transcripts,4,Atlassian Rovo,"It operationalizes shared knowledge, turns meeting notes into project plans, pulls relevant documents, and summarizes project updates by connecting and leveraging company documents, projects, code, and decisions.",https://tool-website.com
Summarizing documents and meeting transcripts,5,Clico,"It allows users to select text for answers, summarize articles, and draft replies within the same tab, enhancing productivity by offering in-context text selection for information retrieval and communication.",https://tool-website.com
Analyzing and visualizing complex data,1,Gamma Imagine,"It generates interactive charts, visual content, social media graphics, and infographics for presentations and branding purposes.",https://tool-website.com
Analyzing and visualizing complex data,2,Claude,"It creates charts and diagrams in chat, and is used for automating marketing tasks like lead generation, email, social content, and data analysis.",https://tool-website.com
Analyzing and visualizing complex data,3,Perplexity Health,"It integrates personal health data for analysis and insights within the Perplexity Computer agentic system, allowing users to track personal health data, ask questions about it, and identify trends.",https://tool-website.com
Analyzing and visualizing complex data,4,Agentforce,"It allows users to interact with agents in Slack for tasks like pulling Salesforce insights, updating records, and creating canvases.",https://tool-website.com
Analyzing and visualizing complex data,5,TRIBE v2,"It accelerates medical research breakthroughs, such as understanding and treating neurological disorders, by allowing researchers to run virtual brain experiments without building from scratch.",https://tool-website.com
"Generating and editing images, videos, and audio",1,Lyria 3 Pro,"It generates music and lyrics from text prompts, photos, or videos, and creates specific song sections like intros or choruses for up to three minutes.",https://tool-website.com
"Generating and editing images, videos, and audio",2,Gemini,"It can analyze videos, generate scripts, and create images, including reverse-engineering viral videos and creating social media infographics.",https://tool-website.com
"Generating and editing images, videos, and audio",3,Tinker,"It creates videos, images, 3D models, and product photography using AI on a mobile phone, aiding in e-commerce and content creation.",https://tool-website.com
"Generating and editing images, videos, and audio",4,Gamma Imagine,"It generates brand-specific charts, social graphics, and infographics from text prompts within Gamma's presentation templates, creating visuals and logos.",https://tool-website.com
"Generating and editing images, videos, and audio",5,Voxtral TTS,"It generates natural-sounding speech across 9 languages, cloning a speaker's voice from a 3-second clip, suitable for applications requiring realistic voice synthesis.",https://tool-website.com
Translating languages and practicing conversation,1,Gemini,"It engages in conversational AI tasks and can be used for various problem-solving scenarios, serving as a general-purpose AI assistant.",https://tool-website.com
Translating languages and practicing conversation,2,Claude,"It engages in natural language conversations and can be used with other AI tools, assisting users with various tasks and engaging in interviews.",https://tool-website.com
Translating languages and practicing conversation,3,ChatGPT,"It engages in natural language conversations and answers queries, serving as a general-purpose AI assistant for tasks like content creation and answering questions.",https://tool-website.com
Translating languages and practicing conversation,4,Gemini 3.1 Flash Live,"It powers Gemini Live for longer conversations, faster responses, and tone adjustment, enabling natural, real-time voice interactions in various applications and products.",https://tool-website.com
Translating languages and practicing conversation,5,Gemini Live,"It facilitates fluid and natural voice conversations with AI, with improved response times and contextual tone, engaging in extended and context-aware AI conversations.",https://tool-website.com
Brainstorming and creative ideation,1,Claude,"It helps users learn new subjects, master topics, get inspired for AI applications, and design custom furniture.",https://tool-website.com
Brainstorming and creative ideation,2,Gemini,"It provides advice, performs tasks with adjustable thinking modes, and offers voice-first interaction for UI design, including reverse-engineering viral videos and creating social media infographics.",https://tool-website.com
Brainstorming and creative ideation,3,ChatGPT,"It assists users with various tasks, including generating prompts for Excel, creative tasks like naming, and serving as an all-in-one assistant for generating creative content.",https://tool-website.com
Brainstorming and creative ideation,4,Stitch,"It takes users from a rough idea to a clickable prototype, offering instant prototyping and auto-generating logical next screens for UI flow, and can redesign web pages from screenshots.",https://tool-website.com
Brainstorming and creative ideation,5,Google Stitch,"It allows for 'vibe designing' modern landing pages, guiding design edits with voice, and creating ultra-sleek web pages, also used for instant UI prototyping and connecting generated screens into working app flows.",https://tool-website.com
Automating multi-step tasks (Agentic workflows),1,Claude Code,"It is primarily used as an operating system for software development work, assisting with coding tasks, project management, and automating development tasks, including building apps, automations, and products.",https://tool-website.com
Automating multi-step tasks (Agentic workflows),2,Claude,"It automates workflows, handles multi-step tasks, and controls a Mac's screen remotely, acting as an AI agent that can perform tasks on a computer by typing, moving the cursor, and using programs.",https://tool-website.com
Automating multi-step tasks (Agentic workflows),3,OpenClaw,"It powers household robots, enables real-time navigation for humanoids, natural language control of robotic arms, and automates documented tasks, serving as a foundation for personal AI agents and desktop automation.",https://tool-website.com
Automating multi-step tasks (Agentic workflows),4,Claude Cowork,"It automates tasks and skills that can be documented, applies to jobs, and manages projects with enhanced AI memory, empowering Claude to perform tasks on a user's computer by interacting with local files and applications.",https://tool-website.com
Automating multi-step tasks (Agentic workflows),5,MiniMax M2.7,"It is a new agentic model built on self-evolution, capable of handling complex multi-step agentic tasks, and improves its own accuracy through autonomous analysis and code rewriting.",https://tool-website.com
Managing schedules and professional correspondence,1,Gemini,"It powers features in Maps for trip planning and navigation, automates Gmail tasks, and labels emails, while also setting up automated tasks and managing projects.",https://tool-website.com
Managing schedules and professional correspondence,2,Claude Code,"It assists with code reviews, task delegation, and scheduling tasks like reviewing pull requests or analyzing CI failures, and automates routine workflows and manages tasks through AI.",https://tool-website.com
Managing schedules and professional correspondence,3,OpenClaw,"It manages personal tasks like calendars, inboxes, and expenses, and serves as a base for enterprise alternatives and personal AI agents.",https://tool-website.com
Managing schedules and professional correspondence,4,Agentforce,"It automates tasks like drafting briefs, creating canvases, providing Salesforce insights, and managing deals within Slack, acting as an AI teammate integrated within Slack.",https://tool-website.com
Managing schedules and professional correspondence,5,Siri,"It allows users to combine multiple requests, such as checking weather, creating appointments, and sending messages, into a single prompt, providing conversational interaction through text and voice.",https://tool-website.com
Slides preparation,1,Moda,"It generates marketing assets, slide decks, and animations with a focus on 'tasteful' design, where humans and AI agents collaborate.",https://tool-website.com
Slides preparation,2,Gamma Imagine,"It generates brand-specific charts, social graphics, and infographics from text prompts within Gamma's presentation templates, creating visual content for presentations.",https://tool-website.com
Slides preparation,3,ChatGPT,"It is used for generating proposals and other tasks, and integrates with other AI-driven asset creation features, which can include content for slides.",https://tool-website.com
Learning and studying,1,Claude,"It helps users learn new subjects, master topics, get inspired for AI applications, and design custom furniture.",https://tool-website.com
Learning and studying,2,ChatGPT,"Its primary use case is assisting with school work, learning maths and science concepts, and referencing uploaded files.",https://tool-website.com
Learning and studying,3,Gemini,"It powers Google Maps to answer complex queries and build personalized plans, and performs deep research, which aids in learning.",https://tool-website.com
Learning and studying,4,Littlebird,"It answers questions about work, learns workflows from active apps, and transcribes/summarizes meetings, building a private memory that grows with the user.",https://tool-website.com